scheme,T,family,policy,n,cost,sbs,sbs_cost,vbs_cost,headroom_pct,closed_gap,closed_gap_lo,closed_gap_hi,ttt_sgm,reached_target,choice_dist
pooled,10,ALL,best-fixed(train),163,0.5303862444015837,H1,0.5303862444015837,0.4057716280769261,23.495069421578958,0.0,0.0,0.0,14.432168316831136,0.18404907975460122,"{""H0"": 0, ""H1"": 163, ""S0"": 0, ""S1"": 0, ""C0"": 0, ""C1"": 0}"
pooled,10,ALL,best-default-solver(train),163,0.5697456077658223,H1,0.5303862444015837,0.4057716280769261,23.495069421578958,-0.31584869034701324,-0.7245327398199669,0.009425382221695972,15.026664588243495,0.15950920245398773,"{""H0"": 0, ""H1"": 0, ""S0"": 163, ""S1"": 0, ""C0"": 0, ""C1"": 0}"
pooled,10,ALL,rules,163,0.5295061763952776,H1,0.5303862444015837,0.4057716280769261,23.495069421578958,0.007062317665956522,-0.23601960491642146,0.18702040090915822,14.86668173962502,0.1656441717791411,"{""H0"": 68, ""H1"": 0, ""S0"": 38, ""S1"": 34, ""C0"": 23, ""C1"": 0}"
pooled,10,ALL,lightgbm,163,0.5003859483922509,H1,0.5303862444015837,0.4057716280769261,23.495069421578958,0.24074460038598675,-0.08765345193896068,0.48232862294931,14.109297758712165,0.18404907975460122,"{""H0"": 27, ""H1"": 30, ""S0"": 36, ""S1"": 17, ""C0"": 25, ""C1"": 28}"
pooled,10,ALL,mlp,163,0.5216041871511077,H1,0.5303862444015837,0.4057716280769261,23.495069421578958,0.07047373341499648,-0.2290990801083599,0.2883784224293245,15.258180052019835,0.15337423312883436,"{""H0"": 26, ""H1"": 39, ""S0"": 56, ""S1"": 11, ""C0"": 20, ""C1"": 11}"
pooled,10,ALL,oracle,163,0.4057716280769261,H1,0.5303862444015837,0.4057716280769261,23.495069421578958,1.0,1.0,1.0,13.031420564089899,0.2085889570552147,"{""H0"": 46, ""H1"": 36, ""S0"": 18, ""S1"": 19, ""C0"": 37, ""C1"": 7}"
pooled,10,ALL,random(expected),163,0.5550771507205111,H1,0.5303862444015837,0.4057716280769261,23.495069421578958,-0.19813812413947027,-0.4470724531117449,-0.004533617063653528,16.656976225292894,0.09815950920245399,
pooled,10,ALL,laya-zeroshot,163,0.5770329653117322,H1,0.5303862444015837,0.4057716280769261,23.495069421578958,-0.37432784600981467,-0.92133789182199,-0.025049547160756195,15.581794818088934,0.147239263803681,"{""H0"": 12, ""H1"": 0, ""S0"": 4, ""S1"": 75, ""C0"": 72, ""C1"": 0}"
pooled,10,ALL,mip-laya,163,0.4912772963608778,H1,0.5303862444015837,0.4057716280769261,23.495069421578958,0.3138391722750693,0.13643273314841278,0.4825631417617604,14.424029807998192,0.17791411042944785,"{""H0"": 13, ""H1"": 87, ""S0"": 30, ""S1"": 4, ""C0"": 29, ""C1"": 0}"
pooled,10,miplib,best-fixed(train),80,0.5275009850183014,C0,0.5227165168079089,0.35613533596037017,31.868359902764464,-0.028721540969093632,-0.6788791317159094,0.33555417870060006,10.98150361869391,0.325,"{""H0"": 0, ""H1"": 80, ""S0"": 0, ""S1"": 0, ""C0"": 0, ""C1"": 0}"
pooled,10,miplib,best-default-solver(train),80,0.550657071513547,C0,0.5227165168079089,0.35613533596037017,31.868359902764464,-0.16772935912376802,-0.845460145379215,0.1929494260617228,11.86061434038431,0.2875,"{""H0"": 0, ""H1"": 0, ""S0"": 80, ""S1"": 0, ""C0"": 0, ""C1"": 0}"
pooled,10,miplib,rules,80,0.5100355928035759,C0,0.5227165168079089,0.35613533596037017,31.868359902764464,0.07612458946331407,-0.4889790003813462,0.4105991501153323,11.815044632886147,0.275,"{""H0"": 31, ""H1"": 0, ""S0"": 38, ""S1"": 9, ""C0"": 2, ""C1"": 0}"
pooled,10,miplib,lightgbm,80,0.48506832476909684,C0,0.5227165168079089,0.35613533596037017,31.868359902764464,0.22600507360593788,-0.0904485435240922,0.4733051519610583,10.766275282120565,0.3125,"{""H0"": 10, ""H1"": 16, ""S0"": 15, ""S1"": 8, ""C0"": 25, ""C1"": 6}"
pooled,10,miplib,mlp,80,0.5293520160655539,C0,0.5227165168079089,0.35613533596037017,31.868359902764464,-0.03983342670453343,-0.461364830487548,0.2839185815974724,12.900850500585525,0.2375,"{""H0"": 13, ""H1"": 14, ""S0"": 12, ""S1"": 11, ""C0"": 20, ""C1"": 10}"
pooled,10,miplib,oracle,80,0.35613533596037017,C0,0.5227165168079089,0.35613533596037017,31.868359902764464,1.0,1.0,1.0,8.759571198190564,0.3875,"{""H0"": 20, ""H1"": 16, ""S0"": 8, ""S1"": 10, ""C0"": 22, ""C1"": 4}"
pooled,10,miplib,random(expected),80,0.5382368129371651,C0,0.5227165168079089,0.35613533596037017,31.868359902764464,-0.0931695648349435,-0.5249131603665612,0.15884563321550177,14.292216365819117,0.1875,
pooled,10,miplib,laya-zeroshot,80,0.5094909306343173,C0,0.5227165168079089,0.35613533596037017,31.868359902764464,0.07939423953115175,-0.2511931036673077,0.35857287273620797,12.52327464032378,0.2625,"{""H0"": 12, ""H1"": 0, ""S0"": 4, ""S1"": 25, ""C0"": 39, ""C1"": 0}"
pooled,10,miplib,mip-laya,80,0.47206808989926613,C0,0.5227165168079089,0.35613533596037017,31.868359902764464,0.30404651144235834,-0.047696221210710585,0.5533726379123752,10.870728035757304,0.325,"{""H0"": 10, ""H1"": 32, ""S0"": 8, ""S1"": 4, ""C0"": 26, ""C1"": 0}"
pooled,10,ml4co_item_placement,best-fixed(train),25,0.38035872668121457,H1,0.38035872668121457,0.3165015381658575,16.78867448961593,0.0,0.0,0.0,20.0,0.0,"{""H0"": 0, ""H1"": 25, ""S0"": 0, ""S1"": 0, ""C0"": 0, ""C1"": 0}"
pooled,10,ml4co_item_placement,best-default-solver(train),25,0.47804298423903446,H1,0.38035872668121457,0.3165015381658575,16.78867448961593,-1.5297300089296566,-4.1458320896174214,-0.37915109778459716,20.0,0.0,"{""H0"": 0, ""H1"": 0, ""S0"": 25, ""S1"": 0, ""C0"": 0, ""C1"": 0}"
pooled,10,ml4co_item_placement,rules,25,0.4110163729875622,H1,0.38035872668121457,0.3165015381658575,16.78867448961593,-0.4800970261785763,-2.2931848044712995,0.29731049205355475,19.30175442500554,0.04,"{""H0"": 0, ""H1"": 0, ""S0"": 0, ""S1"": 25, ""C0"": 0, ""C1"": 0}"
pooled,10,ml4co_item_placement,lightgbm,25,0.3853267665729194,H1,0.38035872668121457,0.3165015381658575,16.78867448961593,-0.07779922679355183,-1.0733338571585374,0.4187274194088218,20.0,0.0,"{""H0"": 2, ""H1"": 13, ""S0"": 1, ""S1"": 9, ""C0"": 0, ""C1"": 0}"
pooled,10,ml4co_item_placement,mlp,25,0.38035872668121457,H1,0.38035872668121457,0.3165015381658575,16.78867448961593,0.0,0.0,0.0,20.0,0.0,"{""H0"": 0, ""H1"": 25, ""S0"": 0, ""S1"": 0, ""C0"": 0, ""C1"": 0}"
pooled,10,ml4co_item_placement,oracle,25,0.3165015381658575,H1,0.38035872668121457,0.3165015381658575,16.78867448961593,1.0,1.0,1.0,20.0,0.0,"{""H0"": 2, ""H1"": 11, ""S0"": 3, ""S1"": 9, ""C0"": 0, ""C1"": 0}"
pooled,10,ml4co_item_placement,random(expected),25,0.5282750125196545,H1,0.38035872668121457,0.3165015381658575,16.78867448961593,-2.3163607618407354,-4.709904812867979,-1.253362053161875,19.916224854535034,0.0,
pooled,10,ml4co_item_placement,laya-zeroshot,25,0.7165126800942975,H1,0.38035872668121457,0.3165015381658575,16.78867448961593,-5.264152106105346,-11.17883647286268,-3.1789992011489385,20.0,0.0,"{""H0"": 0, ""H1"": 0, ""S0"": 0, ""S1"": 0, ""C0"": 25, ""C1"": 0}"
pooled,10,ml4co_item_placement,mip-laya,25,0.38035872668121457,H1,0.38035872668121457,0.3165015381658575,16.78867448961593,0.0,0.0,0.0,20.0,0.0,"{""H0"": 0, ""H1"": 25, ""S0"": 0, ""S1"": 0, ""C0"": 0, ""C1"": 0}"
pooled,10,ml4co_load_balancing,best-fixed(train),25,0.23803902535573124,S0,0.16419676670046965,0.12240136987020776,25.454457886193165,-1.7667557734921715,-4.011056235287647,-0.473765539616101,18.763425421172073,0.04,"{""H0"": 0, ""H1"": 25, ""S0"": 0, ""S1"": 0, ""C0"": 0, ""C1"": 0}"
pooled,10,ml4co_load_balancing,best-default-solver(train),25,0.16419676670046965,S0,0.16419676670046965,0.12240136987020776,25.454457886193165,0.0,0.0,0.0,16.31374723890665,0.12,"{""H0"": 0, ""H1"": 0, ""S0"": 25, ""S1"": 0, ""C0"": 0, ""C1"": 0}"
pooled,10,ml4co_load_balancing,rules,25,0.2434603924709537,S0,0.16419676670046965,0.12240136987020776,25.454457886193165,-1.896467835737675,-4.081279322702397,-0.6569722870716453,18.81916078489587,0.04,"{""H0"": 25, ""H1"": 0, ""S0"": 0, ""S1"": 0, ""C0"": 0, ""C1"": 0}"
pooled,10,ml4co_load_balancing,lightgbm,25,0.15918137001619573,S0,0.16419676670046965,0.12240136987020776,25.454457886193165,0.11999878131657148,-0.060068522391912536,0.35298121107602676,17.304690025349753,0.08,"{""H0"": 2, ""H1"": 1, ""S0"": 20, ""S1"": 0, ""C0"": 0, ""C1"": 2}"
pooled,10,ml4co_load_balancing,mlp,25,0.16078451446698327,S0,0.16419676670046965,0.12240136987020776,25.454457886193165,0.08164181924971552,0.0,0.26669892295897757,16.31374723890665,0.12,"{""H0"": 1, ""H1"": 0, ""S0"": 24, ""S1"": 0, ""C0"": 0, ""C1"": 0}"
pooled,10,ml4co_load_balancing,oracle,25,0.12240136987020776,S0,0.16419676670046965,0.12240136987020776,25.454457886193165,1.0,1.0,1.0,18.516263390794435,0.04,"{""H0"": 1, ""H1"": 6, ""S0"": 7, ""S1"": 0, ""C0"": 10, ""C1"": 1}"
pooled,10,ml4co_load_balancing,random(expected),25,0.2098590479717216,S0,0.16419676670046965,0.12240136987020776,25.454457886193165,-1.0925193857279103,-2.217768652535885,-0.47978180616688354,18.41336479330542,0.04,
pooled,10,ml4co_load_balancing,laya-zeroshot,25,0.25545931140061795,S0,0.16419676670046965,0.12240136987020776,25.454457886193165,-2.183554927610349,-4.0184586176781565,-1.2005818847403766,17.4071638859073,0.12,"{""H0"": 0, ""H1"": 0, ""S0"": 0, ""S1"": 17, ""C0"": 8, ""C1"": 0}"
pooled,10,ml4co_load_balancing,mip-laya,25,0.1612909517879427,S0,0.16419676670046965,0.12240136987020776,25.454457886193165,0.06952475949272478,-0.12335461843661451,0.24165620033319143,17.45973086286589,0.08,"{""H0"": 3, ""H1"": 0, ""S0"": 22, ""S1"": 0, ""C0"": 0, ""C1"": 0}"
pooled,10,pglib_uc,best-fixed(train),33,0.8725131889415269,C0,0.8192683304394005,0.8084053272365971,1.3259395974670762,-4.901486035499411,-40.40125866662851,-1.0078922349978328,17.712891101848076,0.09090909090909091,"{""H0"": 0, ""H1"": 33, ""S0"": 0, ""S1"": 0, ""C0"": 0, ""C1"": 0}"
pooled,10,pglib_uc,best-default-solver(train),33,0.992726502159323,C0,0.8192683304394005,0.8084053272365971,1.3259395974670762,-15.967791639346846,-72.40044088268327,-7.308947135357575,20.0,0.0,"{""H0"": 0, ""H1"": 0, ""S0"": 33, ""S1"": 0, ""C0"": 0, ""C1"": 0}"
pooled,10,pglib_uc,rules,33,0.8831739452024632,C0,0.8192683304394005,0.8084053272365971,1.3259395974670762,-5.882868077086685,-51.983403462741045,-0.578239166378637,17.667906547124552,0.09090909090909091,"{""H0"": 12, ""H1"": 0, ""S0"": 0, ""S1"": 0, ""C0"": 21, ""C1"": 0}"
pooled,10,pglib_uc,lightgbm,33,0.8831739452024632,C0,0.8192683304394005,0.8084053272365971,1.3259395974670762,-5.882868077086685,-62.980683326906885,-0.6070550689423194,17.667906547124552,0.09090909090909091,"{""H0"": 13, ""H1"": 0, ""S0"": 0, ""S1"": 0, ""C0"": 0, ""C1"": 20}"
pooled,10,pglib_uc,mlp,33,0.8831739452024632,C0,0.8192683304394005,0.8084053272365971,1.3259395974670762,-5.882868077086685,-50.99460163995848,-0.7695175109319012,17.667906547124552,0.09090909090909091,"{""H0"": 12, ""H1"": 0, ""S0"": 20, ""S1"": 0, ""C0"": 0, ""C1"": 1}"
pooled,10,pglib_uc,oracle,33,0.8084053272365971,C0,0.8192683304394005,0.8084053272365971,1.3259395974670762,1.0,1.0,1.0,18.41388313886475,0.06060606060606061,"{""H0"": 23, ""H1"": 3, ""S0"": 0, ""S1"": 0, ""C0"": 5, ""C1"": 2}"
pooled,10,pglib_uc,random(expected),33,0.8777357278844151,C0,0.8192683304394005,0.8084053272365971,1.3259395974670762,-5.382249857933015,-39.59874643876222,-1.8766270043842228,19.481766414979496,0.0,
pooled,10,pglib_uc,laya-zeroshot,33,0.8787211850816385,C0,0.8192683304394005,0.8084053272365971,1.3259395974670762,-5.47296668631148,-29.659628330536435,-1.7691706487302328,20.0,0.0,"{""H0"": 0, ""H1"": 0, ""S0"": 0, ""S1"": 33, ""C0"": 0, ""C1"": 0}"
pooled,10,pglib_uc,mip-laya,33,0.8718639440349352,C0,0.8192683304394005,0.8084053272365971,1.3259395974670762,-4.841719422669532,-41.4902811019156,-0.8389179744298374,19.10206975897379,0.030303030303030304,"{""H0"": 0, ""H1"": 30, ""S0"": 0, ""S1"": 0, ""C0"": 3, ""C1"": 0}"
lofo,10,ALL,best-fixed(train),313,0.5402742404608029,H1,0.4308114231567286,0.33059965358440885,23.26116815520531,-1.0923149822743954,-1.42471203088184,-0.8220424830626251,15.929264636964739,0.12779552715654952,"{""H0"": 0, ""H1"": 213, ""S0"": 0, ""S1"": 0, ""C0"": 100, ""C1"": 0}"
lofo,10,ALL,best-default-solver(train),313,0.5617222219160861,H1,0.4308114231567286,0.33059965358440885,23.26116815520531,-1.306341553672328,-1.7826937528200841,-0.922551306951103,16.50359195827775,0.10862619808306709,"{""H0"": 100, ""H1"": 0, ""S0"": 113, ""S1"": 0, ""C0"": 100, ""C1"": 0}"
lofo,10,ALL,rules,313,0.4484336137186425,H1,0.4308114231567286,0.33059965358440885,23.26116815520531,-0.1758495098641731,-0.4248212258305305,0.0023920555599354883,16.22543293597059,0.1182108626198083,"{""H0"": 143, ""H1"": 0, ""S0"": 38, ""S1"": 109, ""C0"": 23, ""C1"": 0}"
lofo,10,ALL,lightgbm,313,0.43367729186991416,H1,0.4308114231567286,0.33059965358440885,23.26116815520531,-0.028598125004841376,-0.14319659506598834,0.05661877139973898,15.71613583923072,0.14057507987220447,"{""H0"": 140, ""H1"": 137, ""S0"": 8, ""S1"": 3, ""C0"": 3, ""C1"": 22}"
lofo,10,ALL,mlp,313,0.4390474547828323,H1,0.4308114231567286,0.33059965358440885,23.26116815520531,-0.0821862707469706,-0.2383289801936261,0.054571863865594525,16.14602801424276,0.12779552715654952,"{""H0"": 114, ""H1"": 133, ""S0"": 34, ""S1"": 29, ""C0"": 3, ""C1"": 0}"
lofo,10,ALL,oracle,313,0.33059965358440885,H1,0.4308114231567286,0.33059965358440885,23.26116815520531,1.0,1.0,1.0,15.0899742518756,0.14057507987220447,"{""H0"": 60, ""H1"": 92, ""S0"": 54, ""S1"": 49, ""C0"": 48, ""C1"": 10}"
lofo,10,ALL,random(expected),313,0.47951978499699605,H1,0.4308114231567286,0.33059965358440885,23.26116815520531,-0.4860543032833695,-0.7564272365167044,-0.2839970608367596,17.651916629145923,0.07028753993610223,
lofo,10,ALL,laya-zeroshot,313,0.5352846487697507,H1,0.4308114231567286,0.33059965358440885,23.26116815520531,-1.0425245064416009,-1.5497103134349834,-0.6353248751899657,16.95360080287217,0.10223642172523961,"{""H0"": 13, ""H1"": 0, ""S0"": 4, ""S1"": 117, ""C0"": 179, ""C1"": 0}"
lofo,10,ALL,mip-laya,313,0.42200058145838704,H1,0.4308114231567286,0.33059965358440885,23.26116815520531,0.08792222446469275,-0.05055702670430806,0.20433639346968846,15.82428027585689,0.14057507987220447,"{""H0"": 13, ""H1"": 210, ""S0"": 25, ""S1"": 0, ""C0"": 65, ""C1"": 0}"
lofo,10,miplib,best-fixed(train),80,0.5275009850183014,C0,0.5227165168079089,0.35613533596037017,31.868359902764464,-0.028721540969093632,-0.5894517288973179,0.3573075970054787,10.98150361869391,0.325,"{""H0"": 0, ""H1"": 80, ""S0"": 0, ""S1"": 0, ""C0"": 0, ""C1"": 0}"
lofo,10,miplib,best-default-solver(train),80,0.550657071513547,C0,0.5227165168079089,0.35613533596037017,31.868359902764464,-0.16772935912376802,-0.7581125749315027,0.2258041830854872,11.86061434038431,0.2875,"{""H0"": 0, ""H1"": 0, ""S0"": 80, ""S1"": 0, ""C0"": 0, ""C1"": 0}"
lofo,10,miplib,rules,80,0.5100355928035759,C0,0.5227165168079089,0.35613533596037017,31.868359902764464,0.07612458946331407,-0.4704144163917166,0.41643622706518346,11.815044632886147,0.275,"{""H0"": 31, ""H1"": 0, ""S0"": 38, ""S1"": 9, ""C0"": 2, ""C1"": 0}"
lofo,10,miplib,lightgbm,80,0.5231449851547947,C0,0.5227165168079089,0.35613533596037017,31.868359902764464,-0.002572129364828811,-0.5169198666835947,0.394318198516166,11.025320687038725,0.3125,"{""H0"": 28, ""H1"": 37, ""S0"": 7, ""S1"": 3, ""C0"": 3, ""C1"": 2}"
lofo,10,miplib,mlp,80,0.5432783254030167,C0,0.5227165168079089,0.35613533596037017,31.868359902764464,-0.12343416279373565,-0.7227718765703647,0.2881881905635787,11.65184262575488,0.3,"{""H0"": 14, ""H1"": 18, ""S0"": 34, ""S1"": 12, ""C0"": 2, ""C1"": 0}"
lofo,10,miplib,oracle,80,0.35613533596037017,C0,0.5227165168079089,0.35613533596037017,31.868359902764464,1.0,1.0,1.0,8.759571198190564,0.3875,"{""H0"": 20, ""H1"": 16, ""S0"": 8, ""S1"": 10, ""C0"": 22, ""C1"": 4}"
lofo,10,miplib,random(expected),80,0.5382368129371651,C0,0.5227165168079089,0.35613533596037017,31.868359902764464,-0.0931695648349435,-0.5147637001335991,0.1622428877297348,14.292216365819117,0.1875,
lofo,10,miplib,laya-zeroshot,80,0.5094909306343173,C0,0.5227165168079089,0.35613533596037017,31.868359902764464,0.07939423953115175,-0.24772481085295556,0.34182549030532466,12.52327464032378,0.2625,"{""H0"": 12, ""H1"": 0, ""S0"": 4, ""S1"": 25, ""C0"": 39, ""C1"": 0}"
lofo,10,miplib,mip-laya,80,0.516669961799064,C0,0.5227165168079089,0.35613533596037017,31.868359902764464,0.036297947811877444,-0.5146693106602455,0.36174778394448415,10.696505984414124,0.3375,"{""H0"": 3, ""H1"": 52, ""S0"": 25, ""S1"": 0, ""C0"": 0, ""C1"": 0}"
lofo,10,ml4co_item_placement,best-fixed(train),100,0.7342130835188275,H1,0.39159446535707515,0.34418011767799184,12.10802293537233,-7.226053608935286,-10.706401839289654,-5.168348240163523,20.0,0.0,"{""H0"": 0, ""H1"": 0, ""S0"": 0, ""S1"": 0, ""C0"": 100, ""C1"": 0}"
lofo,10,ml4co_item_placement,best-default-solver(train),100,0.7342130835188275,H1,0.39159446535707515,0.34418011767799184,12.10802293537233,-7.226053608935286,-10.650999236810145,-5.4094655626496655,20.0,0.0,"{""H0"": 0, ""H1"": 0, ""S0"": 0, ""S1"": 0, ""C0"": 100, ""C1"": 0}"
lofo,10,ml4co_item_placement,rules,100,0.4482692666245699,H1,0.39159446535707515,0.34418011767799184,12.10802293537233,-1.195309100340036,-2.4386995593284064,-0.465080358944221,19.823218852225708,0.01,"{""H0"": 0, ""H1"": 0, ""S0"": 0, ""S1"": 100, ""C0"": 0, ""C1"": 0}"
lofo,10,ml4co_item_placement,lightgbm,100,0.39159446535707515,H1,0.39159446535707515,0.34418011767799184,12.10802293537233,0.0,0.0,0.0,18.945705957832388,0.05,"{""H0"": 0, ""H1"": 100, ""S0"": 0, ""S1"": 0, ""C0"": 0, ""C1"": 0}"
lofo,10,ml4co_item_placement,mlp,100,0.3937658139158037,H1,0.39159446535707515,0.34418011767799184,12.10802293537233,-0.04579517941330676,-0.1770694572802213,0.06862220269117185,18.945705957832388,0.05,"{""H0"": 0, ""H1"": 95, ""S0"": 0, ""S1"": 5, ""C0"": 0, ""C1"": 0}"
lofo,10,ml4co_item_placement,oracle,100,0.34418011767799184,H1,0.39159446535707515,0.34418011767799184,12.10802293537233,1.0,1.0,1.0,19.393697107028522,0.02,"{""H0"": 6, ""H1"": 55, ""S0"": 8, ""S1"": 31, ""C0"": 0, ""C1"": 0}"
lofo,10,ml4co_item_placement,random(expected),100,0.5507159084126703,H1,0.39159446535707515,0.34418011767799184,12.10802293537233,-3.3559766367046535,-5.103967241285625,-2.337482729136139,19.74980899155699,0.0,
lofo,10,ml4co_item_placement,laya-zeroshot,100,0.7342130835188275,H1,0.39159446535707515,0.34418011767799184,12.10802293537233,-7.226053608935286,-10.096978555479366,-5.174577119716893,20.0,0.0,"{""H0"": 0, ""H1"": 0, ""S0"": 0, ""S1"": 0, ""C0"": 100, ""C1"": 0}"
lofo,10,ml4co_item_placement,mip-laya,100,0.3935599442055373,H1,0.39159446535707515,0.34418011767799184,12.10802293537233,-0.041453250854893,-0.14204107067421162,0.0,18.945705957832388,0.05,"{""H0"": 0, ""H1"": 99, ""S0"": 0, ""S1"": 0, ""C0"": 1, ""C1"": 0}"
lofo,10,ml4co_load_balancing,best-fixed(train),100,0.24691514875814058,S0,0.16634216605598287,0.13891477128483445,16.48854011070029,-2.9376826845732538,-4.350468940026148,-1.7117199727155423,16.41014494555642,0.11,"{""H0"": 0, ""H1"": 100, ""S0"": 0, ""S1"": 0, ""C0"": 0, ""C1"": 0}"
lofo,10,ml4co_load_balancing,best-default-solver(train),100,0.25585206815510764,S0,0.16634216605598287,0.13891477128483445,16.48854011070029,-3.2635218490850813,-5.077242589318393,-2.041547159318362,16.580330737149225,0.11,"{""H0"": 100, ""H1"": 0, ""S0"": 0, ""S1"": 0, ""C0"": 0, ""C1"": 0}"
lofo,10,ml4co_load_balancing,rules,100,0.25585206815510764,S0,0.16634216605598287,0.13891477128483445,16.48854011070029,-3.2635218490850813,-5.21555466535317,-2.0672880398514577,16.580330737149225,0.11,"{""H0"": 100, ""H1"": 0, ""S0"": 0, ""S1"": 0, ""C0"": 0, ""C1"": 0}"
lofo,10,ml4co_load_balancing,lightgbm,100,0.25585206815510764,S0,0.16634216605598287,0.13891477128483445,16.48854011070029,-3.2635218490850813,-4.9767985903096355,-2.2068860163792077,16.580330737149225,0.11,"{""H0"": 100, ""H1"": 0, ""S0"": 0, ""S1"": 0, ""C0"": 0, ""C1"": 0}"
lofo,10,ml4co_load_balancing,mlp,100,0.25585206815510764,S0,0.16634216605598287,0.13891477128483445,16.48854011070029,-3.2635218490850813,-4.840229844504296,-2.1582923140862538,16.580330737149225,0.11,"{""H0"": 100, ""H1"": 0, ""S0"": 0, ""S1"": 0, ""C0"": 0, ""C1"": 0}"
lofo,10,ml4co_load_balancing,oracle,100,0.13891477128483445,S0,0.16634216605598287,0.13891477128483445,16.48854011070029,1.0,1.0,1.0,16.799204506628648,0.09,"{""H0"": 11, ""H1"": 18, ""S0"": 38, ""S1"": 8, ""C0"": 21, ""C1"": 4}"
lofo,10,ml4co_load_balancing,random(expected),100,0.22993877807633797,S0,0.16634216605598287,0.13891477128483445,16.48854011070029,-2.3187259508604154,-3.3444217225211315,-1.6328177501752668,18.055605434910124,0.07,
lofo,10,ml4co_load_balancing,laya-zeroshot,100,0.24365713154609764,S0,0.16634216605598287,0.13891477128483445,16.48854011070029,-2.818895711212221,-4.1698861071267945,-1.9788672856304883,17.284253767888202,0.11,"{""H0"": 1, ""H1"": 0, ""S0"": 0, ""S1"": 59, ""C0"": 40, ""C1"": 0}"
lofo,10,ml4co_load_balancing,mip-laya,100,0.22603655396925945,S0,0.16634216605598287,0.13891477128483445,16.48854011070029,-2.1764512601856976,-3.445774383015065,-1.2802021930846292,17.32653684204162,0.09,"{""H0"": 10, ""H1"": 26, ""S0"": 0, ""S1"": 0, ""C0"": 64, ""C1"": 0}"
lofo,10,pglib_uc,best-fixed(train),33,0.8725131889415269,C0,0.8192683304394005,0.8084053272365971,1.3259395974670762,-4.901486035499411,-42.67035963418014,-0.5782115591148449,17.712891101848076,0.09090909090909091,"{""H0"": 0, ""H1"": 33, ""S0"": 0, ""S1"": 0, ""C0"": 0, ""C1"": 0}"
lofo,10,pglib_uc,best-default-solver(train),33,0.992726502159323,C0,0.8192683304394005,0.8084053272365971,1.3259395974670762,-15.967791639346846,-121.48988824453895,-7.247596434079956,20.0,0.0,"{""H0"": 0, ""H1"": 0, ""S0"": 33, ""S1"": 0, ""C0"": 0, ""C1"": 0}"
lofo,10,pglib_uc,rules,33,0.8831739452024632,C0,0.8192683304394005,0.8084053272365971,1.3259395974670762,-5.882868077086685,-61.76597838168477,-0.8499132368418594,17.667906547124552,0.09090909090909091,"{""H0"": 12, ""H1"": 0, ""S0"": 0, ""S1"": 0, ""C0"": 21, ""C1"": 0}"
lofo,10,pglib_uc,lightgbm,33,0.8831739452024632,C0,0.8192683304394005,0.8084053272365971,1.3259395974670762,-5.882868077086685,-47.923897365635426,-0.4786553062380645,17.667906547124552,0.09090909090909091,"{""H0"": 12, ""H1"": 0, ""S0"": 1, ""S1"": 0, ""C0"": 0, ""C1"": 20}"
lofo,10,pglib_uc,mlp,33,0.8787211850816385,C0,0.8192683304394005,0.8084053272365971,1.3259395974670762,-5.47296668631148,-42.51506874324288,-1.9826337439176251,20.0,0.0,"{""H0"": 0, ""H1"": 20, ""S0"": 0, ""S1"": 12, ""C0"": 1, ""C1"": 0}"
lofo,10,pglib_uc,oracle,33,0.8084053272365971,C0,0.8192683304394005,0.8084053272365971,1.3259395974670762,1.0,1.0,1.0,18.41388313886475,0.06060606060606061,"{""H0"": 23, ""H1"": 3, ""S0"": 0, ""S1"": 0, ""C0"": 5, ""C1"": 2}"
lofo,10,pglib_uc,random(expected),33,0.8777357278844151,C0,0.8192683304394005,0.8084053272365971,1.3259395974670762,-5.382249857933015,-42.13415457614315,-1.8920365806618633,19.481766414979496,0.0,
lofo,10,pglib_uc,laya-zeroshot,33,0.8787211850816385,C0,0.8192683304394005,0.8084053272365971,1.3259395974670762,-5.47296668631148,-51.603427409681466,-1.8611548132411628,20.0,0.0,"{""H0"": 0, ""H1"": 0, ""S0"": 0, ""S1"": 33, ""C0"": 0, ""C1"": 0}"
lofo,10,pglib_uc,mip-laya,33,0.8725131889415269,C0,0.8192683304394005,0.8084053272365971,1.3259395974670762,-4.901486035499411,-31.694016190687172,-1.0609939172945213,17.712891101848076,0.09090909090909091,"{""H0"": 0, ""H1"": 33, ""S0"": 0, ""S1"": 0, ""C0"": 0, ""C1"": 0}"
pooled,30,ALL,best-fixed(train),163,0.3927089328234182,H1,0.3927089328234182,0.29354019840695766,25.252477376431823,0.0,0.0,0.0,24.450751341872987,0.5030674846625767,"{""H0"": 0, ""H1"": 163, ""S0"": 0, ""S1"": 0, ""C0"": 0, ""C1"": 0}"
pooled,30,ALL,best-default-solver(train),163,0.40699573425560487,H1,0.3927089328234182,0.29354019840695766,25.252477376431823,-0.1440655819221113,-0.2651380208774182,-0.05132243383649299,27.490146762159284,0.4233128834355828,"{""H0"": 163, ""H1"": 0, ""S0"": 0, ""S1"": 0, ""C0"": 0, ""C1"": 0}"
pooled,30,ALL,rules,163,0.39675550801268317,H1,0.3927089328234182,0.29354019840695766,25.252477376431823,-0.04080494939333741,-0.3834857142746419,0.2302013111128123,28.86357142831286,0.39263803680981596,"{""H0"": 68, ""H1"": 0, ""S0"": 38, ""S1"": 34, ""C0"": 23, ""C1"": 0}"
pooled,30,ALL,lightgbm,163,0.3892390886247634,H1,0.3927089328234182,0.29354019840695766,25.252477376431823,0.03498929596180081,-0.3417211959200975,0.3032625643452538,29.38762976553137,0.36809815950920244,"{""H0"": 21, ""H1"": 66, ""S0"": 34, ""S1"": 13, ""C0"": 17, ""C1"": 12}"
pooled,30,ALL,mlp,163,0.3927633294808111,H1,0.3927089328234182,0.29354019840695766,25.252477376431823,-0.0005485262841460741,-0.40647316286810004,0.2624521957295215,31.139194776170754,0.34355828220858897,"{""H0"": 17, ""H1"": 62, ""S0"": 37, ""S1"": 21, ""C0"": 13, ""C1"": 13}"
pooled,30,ALL,oracle,163,0.29354019840695766,H1,0.3927089328234182,0.29354019840695766,25.252477376431823,1.0,1.0,1.0,23.41671830912613,0.44171779141104295,"{""H0"": 27, ""H1"": 42, ""S0"": 21, ""S1"": 20, ""C0"": 34, ""C1"": 19}"
pooled,30,ALL,random(expected),163,0.42568755186029295,H1,0.3927089328234182,0.29354019840695766,25.252477376431823,-0.3325505687950054,-0.8051023114219475,-0.061669418489164136,39.254526173383105,0.17791411042944785,
pooled,30,ALL,laya-zeroshot,163,0.4493629232796514,H1,0.3927089328234182,0.29354019840695766,25.252477376431823,-0.5712888320053976,-1.2009267526151455,-0.1674528088471887,36.73156334339522,0.22085889570552147,"{""H0"": 16, ""H1"": 0, ""S0"": 6, ""S1"": 58, ""C0"": 83, ""C1"": 0}"
pooled,30,ALL,mip-laya,163,0.3831004325761728,H1,0.3927089328234182,0.29354019840695766,25.252477376431823,0.0968904191808511,-0.19770893059190872,0.3421301550001462,26.833382032053272,0.43558282208588955,"{""H0"": 12, ""H1"": 88, ""S0"": 45, ""S1"": 3, ""C0"": 9, ""C1"": 6}"
pooled,30,miplib,best-fixed(train),80,0.4058006652804827,H1,0.4058006652804827,0.24297485754991927,40.124578804724464,0.0,0.0,0.0,19.872221210545213,0.45,"{""H0"": 0, ""H1"": 80, ""S0"": 0, ""S1"": 0, ""C0"": 0, ""C1"": 0}"
pooled,30,miplib,best-default-solver(train),80,0.41333661370212466,H1,0.4058006652804827,0.24297485754991927,40.124578804724464,-0.046282272611919695,-0.13294627285524976,0.02021740542136387,21.34465018250537,0.425,"{""H0"": 80, ""H1"": 0, ""S0"": 0, ""S1"": 0, ""C0"": 0, ""C1"": 0}"
pooled,30,miplib,rules,80,0.38991626431396387,H1,0.4058006652804827,0.24297485754991927,40.124578804724464,0.09755456575289095,-0.2778158515547483,0.35645643076121303,22.963307437488467,0.4,"{""H0"": 31, ""H1"": 0, ""S0"": 38, ""S1"": 9, ""C0"": 2, ""C1"": 0}"
pooled,30,miplib,lightgbm,80,0.39823902589026355,H1,0.4058006652804827,0.24297485754991927,40.124578804724464,0.046440054531968256,-0.5190929864863729,0.37492528306642575,25.102439755158375,0.3125,"{""H0"": 14, ""H1"": 14, ""S0"": 12, ""S1"": 11, ""C0"": 17, ""C1"": 12}"
pooled,30,miplib,mlp,80,0.37723636302944696,H1,0.4058006652804827,0.24297485754991927,40.124578804724464,0.17542859236603703,-0.246628642723615,0.4671917995969742,23.84973263126486,0.375,"{""H0"": 17, ""H1"": 17, ""S0"": 12, ""S1"": 9, ""C0"": 13, ""C1"": 12}"
pooled,30,miplib,oracle,80,0.24297485754991927,H1,0.4058006652804827,0.24297485754991927,40.124578804724464,1.0,1.0,1.0,14.975550845322175,0.5125,"{""H0"": 19, ""H1"": 17, ""S0"": 9, ""S1"": 13, ""C0"": 16, ""C1"": 6}"
pooled,30,miplib,random(expected),80,0.42456709191107844,H1,0.4058006652804827,0.24297485754991927,40.124578804724464,-0.11525462021137063,-0.5862871844579326,0.11218652126654732,31.74941458654621,0.3,
pooled,30,miplib,laya-zeroshot,80,0.4154266911586377,H1,0.4058006652804827,0.24297485754991927,40.124578804724464,-0.05911855136676905,-0.542900797485218,0.301017241732473,23.87716061314474,0.3875,"{""H0"": 16, ""H1"": 0, ""S0"": 6, ""S1"": 23, ""C0"": 35, ""C1"": 0}"
pooled,30,miplib,mip-laya,80,0.39385221416996136,H1,0.4058006652804827,0.24297485754991927,40.124578804724464,0.07338180155257133,-0.325565510409636,0.33697861946661434,21.25323540637702,0.425,"{""H0"": 10, ""H1"": 31, ""S0"": 22, ""S1"": 3, ""C0"": 9, ""C1"": 5}"
pooled,30,ml4co_item_placement,best-fixed(train),25,0.18556292132645238,H1,0.18556292132645238,0.1601005406777054,13.721696374865846,0.0,0.0,0.0,28.317403015864823,0.64,"{""H0"": 0, ""H1"": 25, ""S0"": 0, ""S1"": 0, ""C0"": 0, ""C1"": 0}"
pooled,30,ml4co_item_placement,best-default-solver(train),25,0.24432640094931687,H1,0.18556292132645238,0.1601005406777054,13.721696374865846,-2.307854887314171,-6.350942517398476,-0.7297036634689903,44.390852144238146,0.32,"{""H0"": 25, ""H1"": 0, ""S0"": 0, ""S1"": 0, ""C0"": 0, ""C1"": 0}"
pooled,30,ml4co_item_placement,rules,25,0.2673685691742494,H1,0.18556292132645238,0.1601005406777054,13.721696374865846,-3.2128043711349794,-9.834598257104702,-0.901221072198297,48.327478409253075,0.2,"{""H0"": 0, ""H1"": 0, ""S0"": 0, ""S1"": 25, ""C0"": 0, ""C1"": 0}"
pooled,30,ml4co_item_placement,lightgbm,25,0.2059866317464204,H1,0.18556292132645238,0.1601005406777054,13.721696374865846,-0.8021131528003089,-2.2300481980528772,-0.24742127165426064,33.29676683676824,0.52,"{""H0"": 5, ""H1"": 19, ""S0"": 0, ""S1"": 1, ""C0"": 0, ""C1"": 0}"
pooled,30,ml4co_item_placement,mlp,25,0.18556292132645238,H1,0.18556292132645238,0.1601005406777054,13.721696374865846,0.0,0.0,0.0,28.317403015864823,0.64,"{""H0"": 0, ""H1"": 25, ""S0"": 0, ""S1"": 0, ""C0"": 0, ""C1"": 0}"
pooled,30,ml4co_item_placement,oracle,25,0.1601005406777054,H1,0.18556292132645238,0.1601005406777054,13.721696374865846,1.0,1.0,1.0,31.774358954761723,0.52,"{""H0"": 2, ""H1"": 13, ""S0"": 3, ""S1"": 7, ""C0"": 0, ""C1"": 0}"
pooled,30,ml4co_item_placement,random(expected),25,0.3027128638318716,H1,0.18556292132645238,0.1601005406777054,13.721696374865846,-4.600902960390872,-11.825686279459227,-2.32571831791121,51.47445336851076,0.0,
pooled,30,ml4co_item_placement,laya-zeroshot,25,0.4225327616826982,H1,0.18556292132645238,0.1601005406777054,13.721696374865846,-9.30666474691585,-21.215651537021024,-5.540009979482837,56.11409496821073,0.04,"{""H0"": 0, ""H1"": 0, ""S0"": 0, ""S1"": 0, ""C0"": 25, ""C1"": 0}"
pooled,30,ml4co_item_placement,mip-laya,25,0.18556292132645238,H1,0.18556292132645238,0.1601005406777054,13.721696374865846,0.0,0.0,0.0,28.317403015864823,0.64,"{""H0"": 0, ""H1"": 25, ""S0"": 0, ""S1"": 0, ""C0"": 0, ""C1"": 0}"
pooled,30,ml4co_load_balancing,best-fixed(train),25,0.0884662978998778,S0,0.06623117188466993,0.05129856432969136,22.54619257074464,-1.489031700146344,-4.033682873731271,-0.31307650737483217,24.66982031536139,0.72,"{""H0"": 0, ""H1"": 25, ""S0"": 0, ""S1"": 0, ""C0"": 0, ""C1"": 0}"
pooled,30,ml4co_load_balancing,best-default-solver(train),25,0.08966798429789323,S0,0.06623117188466993,0.05129856432969136,22.54619257074464,-1.5695056825764782,-4.533382833636856,-0.3773451300292692,23.84358606802193,0.72,"{""H0"": 25, ""H1"": 0, ""S0"": 0, ""S1"": 0, ""C0"": 0, ""C1"": 0}"
pooled,30,ml4co_load_balancing,rules,25,0.08966798429789323,S0,0.06623117188466993,0.05129856432969136,22.54619257074464,-1.5695056825764782,-3.963803073634432,-0.38681610942760736,23.84358606802193,0.72,"{""H0"": 25, ""H1"": 0, ""S0"": 0, ""S1"": 0, ""C0"": 0, ""C1"": 0}"
pooled,30,ml4co_load_balancing,lightgbm,25,0.06961644935338147,S0,0.06623117188466993,0.05129856432969136,22.54619257074464,-0.2267037057156765,-0.850600226993697,0.0018280971116541645,33.08401156622181,0.4,"{""H0"": 2, ""H1"": 1, ""S0"": 22, ""S1"": 0, ""C0"": 0, ""C1"": 0}"
pooled,30,ml4co_load_balancing,mlp,25,0.06623117188466993,S0,0.06623117188466993,0.05129856432969136,22.54619257074464,0.0,0.0,0.0,36.12555122229884,0.32,"{""H0"": 0, ""H1"": 0, ""S0"": 25, ""S1"": 0, ""C0"": 0, ""C1"": 0}"
pooled,30,ml4co_load_balancing,oracle,25,0.05129856432969136,S0,0.06623117188466993,0.05129856432969136,22.54619257074464,1.0,1.0,1.0,38.09400613761368,0.32,"{""H0"": 1, ""H1"": 6, ""S0"": 8, ""S1"": 0, ""C0"": 9, ""C1"": 1}"
pooled,30,ml4co_load_balancing,random(expected),25,0.08384163009435279,S0,0.06623117188466993,0.05129856432969136,22.54619257074464,-1.1793290719551188,-2.638950387034095,-0.4689773208725158,41.46081750575113,0.12,
pooled,30,ml4co_load_balancing,laya-zeroshot,25,0.07608163308345253,S0,0.06623117188466993,0.05129856432969136,22.54619257074464,-0.6596611584758645,-2.0293949714009427,0.15583884514390045,53.04669860540994,0.08,"{""H0"": 0, ""H1"": 0, ""S0"": 0, ""S1"": 2, ""C0"": 23, ""C1"": 0}"
pooled,30,ml4co_load_balancing,mip-laya,25,0.06405391984150588,S0,0.06623117188466993,0.05129856432969136,22.54619257074464,0.14580521420307105,0.0,0.4010214037414646,36.47888662004831,0.36,"{""H0"": 2, ""H1"": 0, ""S0"": 23, ""S1"": 0, ""C0"": 0, ""C1"": 0}"
pooled,30,pglib_uc,best-fixed(train),33,0.7483870408218275,H1,0.7483870408218275,0.7007298821562314,6.367982883998395,0.0,0.0,0.0,35.741039288199794,0.36363636363636365,"{""H0"": 0, ""H1"": 33, ""S0"": 0, ""S1"": 0, ""C0"": 0, ""C1"": 0}"
pooled,30,pglib_uc,best-default-solver(train),33,0.7552580592822228,H1,0.7483870408218275,0.7007298821562314,6.367982883998395,-0.14417599900590605,-1.2801031145406223,0.3593616104303819,39.02457924166678,0.2727272727272727,"{""H0"": 33, ""H1"": 0, ""S0"": 0, ""S1"": 0, ""C0"": 0, ""C1"": 0}"
pooled,30,pglib_uc,rules,33,0.7439979643680807,H1,0.7483870408218275,0.7007298821562314,6.367982883998395,0.09209689743663318,-0.963673111378447,0.6313443467880321,39.02457924166678,0.2727272727272727,"{""H0"": 12, ""H1"": 0, ""S0"": 0, ""S1"": 0, ""C0"": 21, ""C1"": 0}"
pooled,30,pglib_uc,lightgbm,33,0.7483870408218275,H1,0.7483870408218275,0.7007298821562314,6.367982883998395,0.0,0.0,0.0,35.741039288199794,0.36363636363636365,"{""H0"": 0, ""H1"": 32, ""S0"": 0, ""S1"": 1, ""C0"": 0, ""C1"": 0}"
pooled,30,pglib_uc,mlp,33,0.8347473131132848,H1,0.7483870408218275,0.7007298821562314,6.367982883998395,-1.8121154241996635,-10.256831703185046,-0.3718075239468482,56.62839707300384,0.06060606060606061,"{""H0"": 0, ""H1"": 20, ""S0"": 0, ""S1"": 12, ""C0"": 0, ""C1"": 1}"
pooled,30,pglib_uc,oracle,33,0.7007298821562314,H1,0.7483870408218275,0.7007298821562314,6.367982883998395,1.0,1.0,1.0,37.24630193383857,0.30303030303030304,"{""H0"": 5, ""H1"": 6, ""S0"": 1, ""S1"": 0, ""C0"": 9, ""C1"": 12}"
pooled,30,pglib_uc,random(expected),33,0.7805406440056318,H1,0.7483870408218275,0.7007298821562314,6.367982883998395,-0.6746856943239502,-4.780471139052573,0.002665288065601915,51.1526080622242,0.06060606060606061,
pooled,30,pglib_uc,laya-zeroshot,33,0.8347473131132848,H1,0.7483870408218275,0.7007298821562314,6.367982883998395,-1.8121154241996635,-8.983262817768434,-0.35504853455823965,56.62839707300384,0.06060606060606061,"{""H0"": 0, ""H1"": 0, ""S0"": 0, ""S1"": 33, ""C0"": 0, ""C1"": 0}"
pooled,30,pglib_uc,mip-laya,33,0.7483870408218275,H1,0.7483870408218275,0.7007298821562314,6.367982883998395,0.0,0.0,0.0,35.741039288199794,0.36363636363636365,"{""H0"": 0, ""H1"": 32, ""S0"": 0, ""S1"": 0, ""C0"": 0, ""C1"": 1}"
lofo,30,ALL,best-fixed(train),313,0.2780824474192381,H1,0.2780824474192381,0.2098074729464284,24.552061845844623,0.0,0.0,0.0,25.970109793944445,0.5239616613418531,"{""H0"": 0, ""H1"": 313, ""S0"": 0, ""S1"": 0, ""C0"": 0, ""C1"": 0}"
lofo,30,ALL,best-default-solver(train),313,0.2991146988390475,H1,0.2780824474192381,0.2098074729464284,24.552061845844623,-0.30805213157839323,-0.4820752499744561,-0.17022659113721486,29.142362895400662,0.4472843450479233,"{""H0"": 313, ""H1"": 0, ""S0"": 0, ""S1"": 0, ""C0"": 0, ""C1"": 0}"
lofo,30,ALL,rules,313,0.2987012260976563,H1,0.2780824474192381,0.2098074729464284,24.552061845844623,-0.3019961389605438,-0.6814126647296396,-0.04572567303989746,31.168784835340013,0.3993610223642173,"{""H0"": 143, ""H1"": 0, ""S0"": 38, ""S1"": 109, ""C0"": 23, ""C1"": 0}"
lofo,30,ALL,lightgbm,313,0.3050811605708746,H1,0.2780824474192381,0.2098074729464284,24.552061845844623,-0.39544083846400624,-0.7072329911035612,-0.17768998169678446,30.774413098896613,0.3993610223642173,"{""H0"": 157, ""H1"": 45, ""S0"": 4, ""S1"": 102, ""C0"": 5, ""C1"": 0}"
lofo,30,ALL,mlp,313,0.30707928871105306,H1,0.2780824474192381,0.2098074729464284,24.552061845844623,-0.42470673208911797,-0.767393006649483,-0.18706508008228848,31.15029498728468,0.402555910543131,"{""H0"": 121, ""H1"": 36, ""S0"": 24, ""S1"": 128, ""C0"": 0, ""C1"": 4}"
lofo,30,ALL,oracle,313,0.2098074729464284,H1,0.2780824474192381,0.2098074729464284,24.552061845844623,1.0,1.0,1.0,25.059291874121435,0.5015974440894568,"{""H0"": 54, ""H1"": 96, ""S0"": 59, ""S1"": 41, ""C0"": 42, ""C1"": 21}"
lofo,30,ALL,random(expected),313,0.3277456869450916,H1,0.2780824474192381,0.2098074729464284,24.552061845844623,-0.7274003382547105,-1.1626480555719394,-0.4193029481685684,42.44101190490889,0.1182108626198083,
lofo,30,ALL,laya-zeroshot,313,0.3722077771181136,H1,0.2780824474192381,0.2098074729464284,24.552061845844623,-1.3786212360483654,-2.06198660309244,-0.8839982988508247,43.83080471330176,0.15654952076677317,"{""H0"": 18, ""H1"": 0, ""S0"": 6, ""S1"": 64, ""C0"": 225, ""C1"": 0}"
lofo,30,ALL,mip-laya,313,0.2795950514615415,H1,0.2780824474192381,0.2098074729464284,24.552061845844623,-0.022154589642590077,-0.08455424669469484,0.03160683499610645,33.385497749559484,0.34185303514376997,"{""H0"": 12, ""H1"": 212, ""S0"": 1, ""S1"": 0, ""C0"": 69, ""C1"": 19}"
lofo,30,miplib,best-fixed(train),80,0.4058006652804827,H1,0.4058006652804827,0.24297485754991927,40.124578804724464,0.0,0.0,0.0,19.872221210545213,0.45,"{""H0"": 0, ""H1"": 80, ""S0"": 0, ""S1"": 0, ""C0"": 0, ""C1"": 0}"
lofo,30,miplib,best-default-solver(train),80,0.41333661370212466,H1,0.4058006652804827,0.24297485754991927,40.124578804724464,-0.046282272611919695,-0.14092431721637227,0.012654110351096497,21.34465018250537,0.425,"{""H0"": 80, ""H1"": 0, ""S0"": 0, ""S1"": 0, ""C0"": 0, ""C1"": 0}"
lofo,30,miplib,rules,80,0.38991626431396387,H1,0.4058006652804827,0.24297485754991927,40.124578804724464,0.09755456575289095,-0.2892970563700257,0.4113878006199596,22.963307437488467,0.4,"{""H0"": 31, ""H1"": 0, ""S0"": 38, ""S1"": 9, ""C0"": 2, ""C1"": 0}"
lofo,30,miplib,lightgbm,80,0.41023296878834686,H1,0.4058006652804827,0.24297485754991927,40.124578804724464,-0.027221136315187428,-0.32677522416763266,0.21689003058126316,21.834264841914273,0.4,"{""H0"": 44, ""H1"": 25, ""S0"": 4, ""S1"": 2, ""C0"": 5, ""C1"": 0}"
lofo,30,miplib,mlp,80,0.39879300759645353,H1,0.4058006652804827,0.24297485754991927,40.124578804724464,0.04303775784502855,-0.26382290349632886,0.28113130050511265,21.748527489582237,0.425,"{""H0"": 21, ""H1"": 36, ""S0"": 11, ""S1"": 8, ""C0"": 0, ""C1"": 4}"
lofo,30,miplib,oracle,80,0.24297485754991927,H1,0.4058006652804827,0.24297485754991927,40.124578804724464,1.0,1.0,1.0,14.975550845322175,0.5125,"{""H0"": 19, ""H1"": 17, ""S0"": 9, ""S1"": 13, ""C0"": 16, ""C1"": 6}"
lofo,30,miplib,random(expected),80,0.42456709191107844,H1,0.4058006652804827,0.24297485754991927,40.124578804724464,-0.11525462021137063,-0.5818214899634031,0.11380402799991698,31.74941458654621,0.3,
lofo,30,miplib,laya-zeroshot,80,0.4154266911586377,H1,0.4058006652804827,0.24297485754991927,40.124578804724464,-0.05911855136676905,-0.53632519230202,0.30457947010316117,23.87716061314474,0.3875,"{""H0"": 16, ""H1"": 0, ""S0"": 6, ""S1"": 23, ""C0"": 35, ""C1"": 0}"
lofo,30,miplib,mip-laya,80,0.40279123251049365,H1,0.4058006652804827,0.24297485754991927,40.124578804724464,0.018482529347982234,0.0,0.05979951897625566,19.872221210545213,0.45,"{""H0"": 0, ""H1"": 79, ""S0"": 1, ""S1"": 0, ""C0"": 0, ""C1"": 0}"
lofo,30,ml4co_item_placement,best-fixed(train),100,0.20679226992821487,H1,0.20679226992821487,0.1744221046703045,15.65346967231765,0.0,0.0,0.0,33.577807776625086,0.47,"{""H0"": 0, ""H1"": 100, ""S0"": 0, ""S1"": 0, ""C0"": 0, ""C1"": 0}"
lofo,30,ml4co_item_placement,best-default-solver(train),100,0.26131507394481024,H1,0.20679226992821487,0.1744221046703045,15.65346967231765,-1.6843535886265368,-3.258079233225797,-0.7999129361017495,41.37358808489257,0.34,"{""H0"": 100, ""H1"": 0, ""S0"": 0, ""S1"": 0, ""C0"": 0, ""C1"": 0}"
lofo,30,ml4co_item_placement,rules,100,0.2824730150964512,H1,0.20679226992821487,0.1744221046703045,15.65346967231765,-2.3379783379308527,-4.1149402482315915,-1.2189402897738373,48.11817509678374,0.21,"{""H0"": 0, ""H1"": 0, ""S0"": 0, ""S1"": 100, ""C0"": 0, ""C1"": 0}"
lofo,30,ml4co_item_placement,lightgbm,100,0.2824730150964512,H1,0.20679226992821487,0.1744221046703045,15.65346967231765,-2.3379783379308527,-4.161673855537418,-1.3084486267589697,48.11817509678374,0.21,"{""H0"": 0, ""H1"": 0, ""S0"": 0, ""S1"": 100, ""C0"": 0, ""C1"": 0}"
lofo,30,ml4co_item_placement,mlp,100,0.2824730150964512,H1,0.20679226992821487,0.1744221046703045,15.65346967231765,-2.3379783379308527,-4.413318909796377,-1.2501071839075835,48.11817509678374,0.21,"{""H0"": 0, ""H1"": 0, ""S0"": 0, ""S1"": 100, ""C0"": 0, ""C1"": 0}"
lofo,30,ml4co_item_placement,oracle,100,0.1744221046703045,H1,0.20679226992821487,0.1744221046703045,15.65346967231765,1.0,1.0,1.0,27.525106877886493,0.6,"{""H0"": 21, ""H1"": 53, ""S0"": 7, ""S1"": 19, ""C0"": 0, ""C1"": 0}"
lofo,30,ml4co_item_placement,random(expected),100,0.3351691111714095,H1,0.20679226992821487,0.1744221046703045,15.65346967231765,-3.96590008794666,-5.956754422157868,-2.6735115791214015,52.2612837772316,0.0,
lofo,30,ml4co_item_placement,laya-zeroshot,100,0.4655826938922765,H1,0.20679226992821487,0.1744221046703045,15.65346967231765,-7.994720505815783,-12.325353659846712,-5.5550162019695275,56.37077425583389,0.06,"{""H0"": 0, ""H1"": 0, ""S0"": 0, ""S1"": 0, ""C0"": 100, ""C1"": 0}"
lofo,30,ml4co_item_placement,mip-laya,100,0.20679226992821487,H1,0.20679226992821487,0.1744221046703045,15.65346967231765,0.0,0.0,0.0,33.577807776625086,0.47,"{""H0"": 0, ""H1"": 100, ""S0"": 0, ""S1"": 0, ""C0"": 0, ""C1"": 0}"
lofo,30,ml4co_load_balancing,best-fixed(train),100,0.09199753479841133,S0,0.06666448936385763,0.05665453850052458,15.015416691633705,-2.5307861927024935,-4.106448065167875,-1.5411370921782415,22.3190326892713,0.69,"{""H0"": 0, ""H1"": 100, ""S0"": 0, ""S1"": 0, ""C0"": 0, ""C1"": 0}"
lofo,30,ml4co_load_balancing,best-default-solver(train),100,0.0950094828965753,S0,0.06666448936385763,0.05665453850052458,15.015416691633705,-2.8316815856256388,-4.5645383200269345,-1.7744018306688478,23.809785332451824,0.63,"{""H0"": 100, ""H1"": 0, ""S0"": 0, ""S1"": 0, ""C0"": 0, ""C1"": 0}"
lofo,30,ml4co_load_balancing,rules,100,0.0950094828965753,S0,0.06666448936385763,0.05665453850052458,15.015416691633705,-2.8316815856256388,-4.416470679013171,-1.7507650373992978,23.809785332451824,0.63,"{""H0"": 100, ""H1"": 0, ""S0"": 0, ""S1"": 0, ""C0"": 0, ""C1"": 0}"
lofo,30,ml4co_load_balancing,lightgbm,100,0.0950094828965753,S0,0.06666448936385763,0.05665453850052458,15.015416691633705,-2.8316815856256388,-4.540496991128527,-1.7117246682037146,23.809785332451824,0.63,"{""H0"": 100, ""H1"": 0, ""S0"": 0, ""S1"": 0, ""C0"": 0, ""C1"": 0}"
lofo,30,ml4co_load_balancing,mlp,100,0.0950094828965753,S0,0.06666448936385763,0.05665453850052458,15.015416691633705,-2.8316815856256388,-4.547107029735022,-1.5639576703556184,23.809785332451824,0.63,"{""H0"": 100, ""H1"": 0, ""S0"": 0, ""S1"": 0, ""C0"": 0, ""C1"": 0}"
lofo,30,ml4co_load_balancing,oracle,100,0.05665453850052458,S0,0.06666448936385763,0.05665453850052458,15.015416691633705,1.0,1.0,1.0,30.025336308249894,0.46,"{""H0"": 9, ""H1"": 20, ""S0"": 42, ""S1"": 9, ""C0"": 17, ""C1"": 3}"
lofo,30,ml4co_load_balancing,random(expected),100,0.09344280291600594,S0,0.06666448936385763,0.05665453850052458,15.015416691633705,-2.6751693307744997,-3.9436012310629383,-1.8966896099834327,40.81684248379245,0.11,
lofo,30,ml4co_load_balancing,laya-zeroshot,100,0.0916196822331249,S0,0.06666448936385763,0.05665453850052458,15.015416691633705,-2.493038498388576,-4.012433620408203,-1.4951172038212963,50.65271282657121,0.1,"{""H0"": 2, ""H1"": 0, ""S0"": 0, ""S1"": 8, ""C0"": 90, ""C1"": 0}"
lofo,30,ml4co_load_balancing,mip-laya,100,0.09913953166681216,S0,0.06666448936385763,0.05665453850052458,15.015416691633705,-3.24427589569018,-4.963323630614266,-2.130555521292946,48.87723526208401,0.12,"{""H0"": 12, ""H1"": 0, ""S0"": 0, ""S1"": 0, ""C0"": 69, ""C1"": 19}"
lofo,30,pglib_uc,best-fixed(train),33,0.7483870408218275,H1,0.7483870408218275,0.7007298821562314,6.367982883998395,0.0,0.0,0.0,35.741039288199794,0.36363636363636365,"{""H0"": 0, ""H1"": 33, ""S0"": 0, ""S1"": 0, ""C0"": 0, ""C1"": 0}"
lofo,30,pglib_uc,best-default-solver(train),33,0.7552580592822228,H1,0.7483870408218275,0.7007298821562314,6.367982883998395,-0.14417599900590605,-0.897897273966738,0.29367743779353384,39.02457924166678,0.2727272727272727,"{""H0"": 33, ""H1"": 0, ""S0"": 0, ""S1"": 0, ""C0"": 0, ""C1"": 0}"
lofo,30,pglib_uc,rules,33,0.7439979643680807,H1,0.7483870408218275,0.7007298821562314,6.367982883998395,0.09209689743663318,-0.8166947143953748,0.6444116902279705,39.02457924166678,0.2727272727272727,"{""H0"": 12, ""H1"": 0, ""S0"": 0, ""S1"": 0, ""C0"": 21, ""C1"": 0}"
lofo,30,pglib_uc,lightgbm,33,0.7552580592822228,H1,0.7483870408218275,0.7007298821562314,6.367982883998395,-0.14417599900590605,-1.0755023502527021,0.31979675525120393,39.02457924166678,0.2727272727272727,"{""H0"": 13, ""H1"": 20, ""S0"": 0, ""S1"": 0, ""C0"": 0, ""C1"": 0}"
lofo,30,pglib_uc,mlp,33,0.8019432411982024,H1,0.7483870408218275,0.7007298821562314,6.367982883998395,-1.1237808101857605,-8.215114986892424,-0.050010907607630495,44.157564832893456,0.24242424242424243,"{""H0"": 0, ""H1"": 0, ""S0"": 13, ""S1"": 20, ""C0"": 0, ""C1"": 0}"
lofo,30,pglib_uc,oracle,33,0.7007298821562314,H1,0.7483870408218275,0.7007298821562314,6.367982883998395,1.0,1.0,1.0,37.24630193383857,0.30303030303030304,"{""H0"": 5, ""H1"": 6, ""S0"": 1, ""S1"": 0, ""C0"": 9, ""C1"": 12}"
lofo,30,pglib_uc,random(expected),33,0.7805406440056318,H1,0.7483870408218275,0.7007298821562314,6.367982883998395,-0.6746856943239502,-4.607763482495617,0.018761300684781764,51.1526080622242,0.06060606060606061,
lofo,30,pglib_uc,laya-zeroshot,33,0.8347473131132848,H1,0.7483870408218275,0.7007298821562314,6.367982883998395,-1.8121154241996635,-9.472618184678156,-0.4038134147543575,56.62839707300384,0.06060606060606061,"{""H0"": 0, ""H1"": 0, ""S0"": 0, ""S1"": 33, ""C0"": 0, ""C1"": 0}"
lofo,30,pglib_uc,mip-laya,33,0.7483870408218275,H1,0.7483870408218275,0.7007298821562314,6.367982883998395,0.0,0.0,0.0,35.741039288199794,0.36363636363636365,"{""H0"": 0, ""H1"": 33, ""S0"": 0, ""S1"": 0, ""C0"": 0, ""C1"": 0}"
pooled,60,ALL,best-fixed(train),113,0.45001135905674283,C0,0.4283873735564218,0.3077403568410009,28.163065524976503,-0.179233486985651,-0.5218846924047155,0.04571288659208129,47.17699627747254,0.46017699115044247,"{""H0"": 0, ""H1"": 36, ""S0"": 0, ""S1"": 0, ""C0"": 77, ""C1"": 0}"
pooled,60,ALL,best-default-solver(train),113,0.45531898976390356,C0,0.4283873735564218,0.3077403568410009,28.163065524976503,-0.22322654086845217,-0.5875555223584574,0.029870453052709644,48.429124808008424,0.4424778761061947,"{""H0"": 36, ""H1"": 0, ""S0"": 0, ""S1"": 0, ""C0"": 77, ""C1"": 0}"
pooled,60,ALL,rules,113,0.41273364648386357,C0,0.4283873735564218,0.3077403568410009,28.163065524976503,0.1297481487626159,-0.3822280792936184,0.4683870645442707,35.90276214146465,0.5132743362831859,"{""H0"": 43, ""H1"": 0, ""S0"": 38, ""S1"": 9, ""C0"": 23, ""C1"": 0}"
pooled,60,ALL,lightgbm,113,0.46386955913813416,C0,0.4283873735564218,0.3077403568410009,28.163065524976503,-0.29409915427421474,-0.7457102804669862,0.06109340600329689,41.61755789671206,0.4424778761061947,"{""H0"": 12, ""H1"": 53, ""S0"": 15, ""S1"": 9, ""C0"": 18, ""C1"": 6}"
pooled,60,ALL,mlp,113,0.41981617428454976,C0,0.4283873735564218,0.3077403568410009,28.163065524976503,0.0710436072537921,-0.30664259467294464,0.3212741454270352,40.54968316982106,0.46017699115044247,"{""H0"": 12, ""H1"": 16, ""S0"": 13, ""S1"": 10, ""C0"": 53, ""C1"": 9}"
pooled,60,ALL,oracle,113,0.3077403568410009,C0,0.4283873735564218,0.3077403568410009,28.163065524976503,1.0,1.0,1.0,24.305719590018565,0.6017699115044248,"{""H0"": 22, ""H1"": 25, ""S0"": 10, ""S1"": 14, ""C0"": 29, ""C1"": 13}"
pooled,60,ALL,random(expected),113,0.45783406281456535,C0,0.4283873735564218,0.3077403568410009,28.163065524976503,-0.2440730824501166,-0.6559272481473062,0.04112723845222182,54.13988961087777,0.39823008849557523,
pooled,60,miplib,best-fixed(train),80,0.339184589944005,H1,0.3372310215642613,0.19856279573636398,41.119652985860704,-0.014088075102138343,-0.7631638043339103,0.3950954279961338,38.69032235759999,0.475,"{""H0"": 0, ""H1"": 16, ""S0"": 0, ""S1"": 0, ""C0"": 64, ""C1"": 0}"
pooled,60,miplib,best-default-solver(train),80,0.3445182871653912,H1,0.3372310215642613,0.19856279573636398,41.119652985860704,-0.0525518052720611,-0.877981665919099,0.3611021729430868,39.70729662218178,0.4625,"{""H0"": 16, ""H1"": 0, ""S0"": 0, ""S1"": 0, ""C0"": 64, ""C1"": 0}"
pooled,60,miplib,rules,80,0.333822120238833,H1,0.3372310215642613,0.19856279573636398,41.119652985860704,0.024583146608215353,-0.368109364476238,0.3150551879114609,30.628567600783164,0.525,"{""H0"": 31, ""H1"": 0, ""S0"": 38, ""S1"": 9, ""C0"": 2, ""C1"": 0}"
pooled,60,miplib,lightgbm,80,0.37275252430161565,H1,0.3372310215642613,0.19856279573636398,41.119652985860704,-0.25616180293126745,-0.8722520755108908,0.1031824403059786,37.6413689036097,0.45,"{""H0"": 12, ""H1"": 21, ""S0"": 15, ""S1"": 8, ""C0"": 18, ""C1"": 6}"
pooled,60,miplib,mlp,80,0.32563920045083383,H1,0.3372310215642613,0.19856279573636398,41.119652985860704,0.08359392387275676,-0.4827560544367203,0.448673410784496,31.678160797870348,0.4625,"{""H0"": 12, ""H1"": 16, ""S0"": 13, ""S1"": 10, ""C0"": 21, ""C1"": 8}"
pooled,60,miplib,oracle,80,0.19856279573636398,H1,0.3372310215642613,0.19856279573636398,41.119652985860704,1.0,1.0,1.0,18.308942227533038,0.625,"{""H0"": 19, ""H1"": 18, ""S0"": 9, ""S1"": 14, ""C0"": 14, ""C1"": 6}"
pooled,60,miplib,random(expected),80,0.3577791736888927,H1,0.3372310215642613,0.19856279573636398,41.119652985860704,-0.1481821232077631,-0.7222081921985205,0.10340827738887742,46.87488056335848,0.425,
pooled,60,pglib_uc,best-fixed(train),33,0.7186823144815618,C0,0.6402619607983696,0.572413232246181,10.597026327721416,-1.1558116910455003,-2.9615689273683166,-0.35453973191556754,76.06409206924742,0.42424242424242425,"{""H0"": 0, ""H1"": 20, ""S0"": 0, ""S1"": 0, ""C0"": 13, ""C1"": 0}"
pooled,60,pglib_uc,best-default-solver(train),33,0.7239267536390852,C0,0.6402619607983696,0.572413232246181,10.597026327721416,-1.2331077475735073,-3.0624454176857516,-0.38106083032550847,78.13569076458559,0.3939393939393939,"{""H0"": 20, ""H1"": 0, ""S0"": 0, ""S1"": 0, ""C0"": 13, ""C1"": 0}"
pooled,60,pglib_uc,rules,33,0.6040343161687864,C0,0.6402619607983696,0.572413232246181,10.597026327721416,0.533947288366903,0.04651468859782828,0.8586836409930307,52.63311924004638,0.48484848484848486,"{""H0"": 12, ""H1"": 0, ""S0"": 0, ""S1"": 0, ""C0"": 21, ""C1"": 0}"
pooled,60,pglib_uc,lightgbm,33,0.6847593405599972,C0,0.6402619607983696,0.572413232246181,10.597026327721416,-0.6558321830216853,-3.246546830626121,0.23807960717857077,53.03887170591512,0.42424242424242425,"{""H0"": 0, ""H1"": 32, ""S0"": 0, ""S1"": 1, ""C0"": 0, ""C1"": 0}"
pooled,60,pglib_uc,mlp,33,0.6481239896390125,C0,0.6402619607983696,0.572413232246181,10.597026327721416,-0.11587584628937463,-0.510357864088103,0.0,73.3773520863335,0.45454545454545453,"{""H0"": 0, ""H1"": 0, ""S0"": 0, ""S1"": 0, ""C0"": 32, ""C1"": 1}"
pooled,60,pglib_uc,oracle,33,0.572413232246181,C0,0.6402619607983696,0.572413232246181,10.597026327721416,1.0,1.0,1.0,47.74956124205756,0.5454545454545454,"{""H0"": 3, ""H1"": 7, ""S0"": 1, ""S1"": 0, ""C0"": 15, ""C1"": 7}"
pooled,60,pglib_uc,random(expected),33,0.7003913697858929,C0,0.6402619607983696,0.572413232246181,10.597026327721416,-0.8862274985930254,-2.2031903517003193,-0.11720104081071976,76.66279507472491,0.3333333333333333,
lofo,60,ALL,best-fixed(train),113,0.44138218357530423,C0,0.4283873735564218,0.3077403568410009,28.163065524976503,-0.10770933565256935,-0.32550565119985586,0.0547516299637733,46.111279825867335,0.4424778761061947,"{""H0"": 0, ""H1"": 33, ""S0"": 0, ""S1"": 0, ""C0"": 80, ""C1"": 0}"
lofo,60,ALL,best-default-solver(train),113,0.4283873735564218,C0,0.4283873735564218,0.3077403568410009,28.163065524976503,0.0,0.0,0.0,50.27136696848513,0.46017699115044247,"{""H0"": 0, ""H1"": 0, ""S0"": 0, ""S1"": 0, ""C0"": 113, ""C1"": 0}"
lofo,60,ALL,rules,113,0.41273364648386357,C0,0.4283873735564218,0.3077403568410009,28.163065524976503,0.1297481487626159,-0.4105334083751689,0.44165686361120565,35.90276214146465,0.5132743362831859,"{""H0"": 43, ""H1"": 0, ""S0"": 38, ""S1"": 9, ""C0"": 23, ""C1"": 0}"
lofo,60,ALL,lightgbm,113,0.4557266819713106,C0,0.4283873735564218,0.3077403568410009,28.163065524976503,-0.22660575585864712,-0.6215555863035604,0.07844865553748957,43.397867126676,0.4336283185840708,"{""H0"": 26, ""H1"": 36, ""S0"": 2, ""S1"": 0, ""C0"": 11, ""C1"": 38}"
lofo,60,ALL,mlp,113,0.4330234318981038,C0,0.4283873735564218,0.3077403568410009,28.163065524976503,-0.03842663057817193,-0.36014388881639314,0.2204449355698031,42.91878265813154,0.45132743362831856,"{""H0"": 32, ""H1"": 27, ""S0"": 8, ""S1"": 0, ""C0"": 37, ""C1"": 9}"
lofo,60,ALL,oracle,113,0.3077403568410009,C0,0.4283873735564218,0.3077403568410009,28.163065524976503,1.0,1.0,1.0,24.305719590018565,0.6017699115044248,"{""H0"": 22, ""H1"": 25, ""S0"": 10, ""S1"": 14, ""C0"": 29, ""C1"": 13}"
lofo,60,ALL,random(expected),113,0.45783406281456535,C0,0.4283873735564218,0.3077403568410009,28.163065524976503,-0.2440730824501166,-0.6407472843040352,0.0358088160800256,54.13988961087777,0.39823008849557523,
lofo,60,miplib,best-fixed(train),80,0.3409891063191184,H1,0.3372310215642613,0.19856279573636398,41.119652985860704,-0.027101268026038357,-0.8958349401044309,0.37793847636660993,43.519224158618215,0.45,"{""H0"": 0, ""H1"": 0, ""S0"": 0, ""S1"": 0, ""C0"": 80, ""C1"": 0}"
lofo,60,miplib,best-default-solver(train),80,0.3409891063191184,H1,0.3372310215642613,0.19856279573636398,41.119652985860704,-0.027101268026038357,-0.8773542806097097,0.4489224055789969,43.519224158618215,0.45,"{""H0"": 0, ""H1"": 0, ""S0"": 0, ""S1"": 0, ""C0"": 80, ""C1"": 0}"
lofo,60,miplib,rules,80,0.333822120238833,H1,0.3372310215642613,0.19856279573636398,41.119652985860704,0.024583146608215353,-0.43633470402248836,0.33405421572793115,30.628567600783164,0.525,"{""H0"": 31, ""H1"": 0, ""S0"": 38, ""S1"": 9, ""C0"": 2, ""C1"": 0}"
lofo,60,miplib,lightgbm,80,0.35895830007376983,H1,0.3372310215642613,0.19856279573636398,41.119652985860704,-0.15668534287353234,-0.9101338878180716,0.29179155037949506,38.49239549630054,0.45,"{""H0"": 14, ""H1"": 15, ""S0"": 2, ""S1"": 0, ""C0"": 11, ""C1"": 38}"
lofo,60,miplib,mlp,80,0.3268899593453653,H1,0.3372310215642613,0.19856279573636398,41.119652985860704,0.07457412941686029,-0.5168963621039282,0.44086948435286794,37.8917997847729,0.475,"{""H0"": 19, ""H1"": 7, ""S0"": 8, ""S1"": 0, ""C0"": 37, ""C1"": 9}"
lofo,60,miplib,oracle,80,0.19856279573636398,H1,0.3372310215642613,0.19856279573636398,41.119652985860704,1.0,1.0,1.0,18.308942227533038,0.625,"{""H0"": 19, ""H1"": 18, ""S0"": 9, ""S1"": 14, ""C0"": 14, ""C1"": 6}"
lofo,60,miplib,random(expected),80,0.3577791736888927,H1,0.3372310215642613,0.19856279573636398,41.119652985860704,-0.1481821232077631,-0.7041343190949078,0.08169929273411933,46.87488056335848,0.425,
lofo,60,pglib_uc,best-fixed(train),33,0.6847593405599972,C0,0.6402619607983696,0.572413232246181,10.597026327721416,-0.6558321830216853,-2.611111205429576,0.3585235554750602,53.03887170591512,0.42424242424242425,"{""H0"": 0, ""H1"": 33, ""S0"": 0, ""S1"": 0, ""C0"": 0, ""C1"": 0}"
lofo,60,pglib_uc,best-default-solver(train),33,0.6402619607983696,C0,0.6402619607983696,0.572413232246181,10.597026327721416,0.0,0.0,0.0,71.20165647768216,0.48484848484848486,"{""H0"": 0, ""H1"": 0, ""S0"": 0, ""S1"": 0, ""C0"": 33, ""C1"": 0}"
lofo,60,pglib_uc,rules,33,0.6040343161687864,C0,0.6402619607983696,0.572413232246181,10.597026327721416,0.533947288366903,0.030449232452632657,0.8613235993038911,52.63311924004638,0.48484848484848486,"{""H0"": 12, ""H1"": 0, ""S0"": 0, ""S1"": 0, ""C0"": 21, ""C1"": 0}"
lofo,60,pglib_uc,lightgbm,33,0.6903166986926216,C0,0.6402619607983696,0.572413232246181,10.597026327721416,-0.737740248967972,-2.9957726289365514,0.192154598178309,57.970052168249886,0.3939393939393939,"{""H0"": 12, ""H1"": 21, ""S0"": 0, ""S1"": 0, ""C0"": 0, ""C1"": 0}"
lofo,60,pglib_uc,mlp,33,0.6903166986926216,C0,0.6402619607983696,0.572413232246181,10.597026327721416,-0.737740248967972,-2.7525808447561015,0.2616904482978975,57.970052168249886,0.3939393939393939,"{""H0"": 13, ""H1"": 20, ""S0"": 0, ""S1"": 0, ""C0"": 0, ""C1"": 0}"
lofo,60,pglib_uc,oracle,33,0.572413232246181,C0,0.6402619607983696,0.572413232246181,10.597026327721416,1.0,1.0,1.0,47.74956124205756,0.5454545454545454,"{""H0"": 3, ""H1"": 7, ""S0"": 1, ""S1"": 0, ""C0"": 15, ""C1"": 7}"
lofo,60,pglib_uc,random(expected),33,0.7003913697858929,C0,0.6402619607983696,0.572413232246181,10.597026327721416,-0.8862274985930254,-2.30797392334738,-0.1575503844906304,76.66279507472491,0.3333333333333333,
